{
  "project_info": {
    "project_number": "50270257469",
    "firebase_url": "https://festup-app-default-rtdb.firebaseio.com",
    "project_id": "festup-app",
    "storage_bucket": "festup-app.appspot.com"
  },
  "client": [
    {
      "client_info": {
        "mobilesdk_app_id": "1:50270257469:android:ef132735392e2855520554",
        "android_client_info": {
          "package_name": "com.appfestup.festupg.festup"
        }
      },
      "oauth_client": [
        {
          "client_id": "50270257469-m9i6emns83vulo4bvpk2pbaqab70mn5c.apps.googleusercontent.com",
          "client_type": 3
        }
      ],
      "api_key": [
        {
          "current_key": "AIzaSyCqYkF1h4uxmLGVH6ROBbSXfdJHwp0rGew"
        }
      ],
      "services": {
        "appinvite_service": {
          "other_platform_oauth_client": [
            {
              "client_id": "50270257469-m9i6emns83vulo4bvpk2pbaqab70mn5c.apps.googleusercontent.com",
              "client_type": 3
            }
          ]
        }
      }
    },
    {
      "client_info": {
        "mobilesdk_app_id": "1:50270257469:android:bb821ed9075090cb520554",
        "android_client_info": {
          "package_name": "com.appfestup.festup"
        }
      },
      "oauth_client": [
        {
          "client_id": "50270257469-m9i6emns83vulo4bvpk2pbaqab70mn5c.apps.googleusercontent.com",
          "client_type": 3
        }
      ],
      "api_key": [
        {
          "current_key": "AIzaSyCqYkF1h4uxmLGVH6ROBbSXfdJHwp0rGew"
        }
      ],
      "services": {
        "appinvite_service": {
          "other_platform_oauth_client": [
            {
              "client_id": "50270257469-m9i6emns83vulo4bvpk2pbaqab70mn5c.apps.googleusercontent.com",
              "client_type": 3
            }
          ]
        }
      }
    }
  ],
  "configuration_version": "1"
}